1,-2.795274987522271,-2.1470792323154213,7.445658138773863,-4.992462285615929
2,-14.910229662282248,-3.7039673883666837,-47.96847989284327,7.4583313083025855
3,-5.677930099125069,-1.4372779244152523,-5.922108808421602,11.91576676887789
4,-3.716812600936703,16.796309644455217,-28.230468071538276,9.75907764371166
5,-3.4371775205543806,-19.43799455904307,-30.785975579543788,17.60172989466136
6,-1.360021099321932,0.09948120501674867,3.967977316803101,-8.264219650053134
7,-2.281694475529758,10.986769779297513,-22.428883891675827,34.17055492343092
8,1.880551293332656,-7.65434982965791,2.787205027355894,-12.58323133144964
9,18.44213623499028,-1.8845966439675255,17.262828311139263,-19.385272981984258
10,-2.2640002059254503,-1.4903210513748033,4.896349353535419,-3.8412107355643474
11,-5.854649637136455,18.042033683999488,1.1430281873630421,-33.59490784639465
12,-6.6447576075377475,-14.671388024835084,21.71131874938902,-15.159995674209474
13,-0.8765826392547591,-12.01156510846975,13.50069859294317,-14.535949238235597
14,4.8013828640476675,2.8485834668207097,12.30853364375557,-2.324185482340206
15,2.9842089026934016,-7.164687502489432,-8.71234762867923,6.098699024152067
16,-0.4765141106817132,-18.176471801972593,12.059603317704214,-25.138094909739046
17,-23.38196213370077,5.048580317312646,-4.894011528604863,39.40480346217315
18,-4.40362885084931,3.842984095934176,6.717609827064191,-10.487150430214562
19,8.047175572788856,8.747559126042086,-13.58378871414748,14.308217897569017
20,-11.31556286909202,14.863785059696744,8.153276774874538,-26.87827930075514
21,1.4349081920901594,13.639880183109181,-6.664087384534028,42.84169235328461
22,-2.6468049836383196,-1.1182933155541297,5.922003435957151,-8.347370527193124
23,4.018258746906711,-7.777539595116858,11.11799952411447,-20.980913424489515
24,-4.3124359109680315,16.890914513897958,-28.946517988373085,9.152777540810773
25,-12.665324407619286,-0.8881591767194705,13.339601048570007,-28.199864021273328
26,1.6623788428240442,-13.250058494512439,-23.70748838804089,34.3052002769423
27,12.341086923160436,-2.8869514579744138,8.410958795248447,-20.808728153655785
28,-2.4927917153841976,-1.8505592645026658,3.8862495813665023,-4.853010344347787
29,-17.829078762093296,12.312442438143275,1.778577734226158,-39.04647886592986
30,-29.292751036962756,7.175917643424924,-47.831128101316416,7.519749937757224
31,-16.46294069224995,-8.225094943931447,31.982312037759765,-4.258307169942892
32,1.656557456946053,-3.663305755847426,-42.287755449554126,15.456594831585328
33,3.685530692345538,-3.795917491426634,-4.4733535439546515,11.683585111626698
34,-0.9912845689505352,8.05654745872897,-39.8982580564694,12.596578729477276
35,-11.96052791380501,23.009739542590534,-16.60981933306451,41.26270465459898
36,13.562701131780035,10.829791099692917,33.12955891139464,-4.302358743769666
37,0.15499084878191094,-8.247517028270794,3.90907994345747,-11.27029447992847
38,3.9396713315933236,-18.897193258366286,-29.087795529578603,26.09742919186266
39,24.959998228215007,2.5056978427654557,-20.05398166510188,28.75890313799482
40,14.202154473650669,17.090755997643797,-31.043145320538788,15.064599880900056
41,-21.939837371577568,6.224771234284104,-21.143659968699957,25.018495471494113
42,8.48445790465138,12.577661329557307,25.6365005852581,-12.081049200489524
43,8.697967630768417,-3.4571562517534584,23.789133600673466,-18.07416047979315
44,-20.874278884008106,-14.532975818640777,-38.784484333739584,10.301711149786922
45,4.0580808663648416,20.8938895542292,-16.702150757545272,23.440296368926965
46,-13.823681143860018,22.702616793866337,-43.79377640245502,16.101208777339266
47,8.702585943060233,1.6875357675907223,7.207193363468049,-22.33140214754438
48,27.966307036695778,-3.3947559445941944,-32.67035921553529,19.817477821587623
49,-3.5431690770700826,16.723738096591603,5.138587451968915,-29.492651667053444
50,-12.741923262161787,-4.098159311697131,-12.898572349541533,27.074181815380143
51,-4.004720281750993,-8.61714635574035,-29.539775316895,17.51374543782879
52,-22.73747458727081,-22.00475494629618,-7.621250324016859,52.35478963276888
53,-13.795357258402733,-17.24112050893064,36.81354019119988,-5.328697512028883
54,-3.0517973144367203,23.124005005918203,-16.629398453573955,32.69768433297551
55,2.948884247820482,-7.4707611048958125,1.7136019697097429,-13.770958216164159
56,-7.210828706825044,25.604791060987296,-13.511295570215633,37.248504560849604
57,26.46461525289221,8.634128772790552,-30.095889526628387,25.707216757076175
58,14.08173303433514,0.18495398983843278,16.191967080331757,-18.7227653534295
59,5.59976957215663,-8.868291316554375,-13.508675906463962,41.33936529179264
60,-1.5732515501935753,27.743887189812682,-20.643562482867306,30.311301849966128
61,-13.064085568858937,-4.626503646719893,-24.26194389316952,10.080647687036741
62,-1.7985701389776563,18.020693250994405,2.106796713647688,-32.439156687348955
63,19.77807848150408,-12.213498849502072,6.527629987541657,-37.09809247848193
64,-6.449031129952052,5.140272136876877,12.260040624033909,-29.047459482262582
65,-15.5288157467678,9.614532815215075,17.747074596406883,-17.60904548585355
66,2.8567069971172954,7.730281148614975,21.349609215192206,-19.69800153135988
67,-28.114904507475593,10.30775635319803,-43.456882751285164,11.991144180407687
68,10.24952102154084,13.006448481801561,27.527463812999837,-11.890485751993626
69,-21.666638355167343,9.676138264153158,-11.09816960745212,33.380742051902494
70,-2.7046132902349225,17.438173452640974,3.476483716015094,-31.116442533034828
71,-6.241161163721588,5.290080390284695,8.357159702176205,-25.352550011146207
72,-2.0317887415562463,-4.194751102306126,1.279552487596645,-7.963949346196815
73,-0.792586703460928,-4.297856823513017,-11.43383787959293,13.205350877170002
74,20.128485451475417,-11.998185196807519,5.804847700062844,-37.8352161800616
75,28.108807622588735,-4.118284552963689,-31.82927225233447,20.68096642067031
76,6.015175334005252,6.052025163813535,-4.361170677999166,14.210075737217748
77,-7.828785871459098,-4.573341397580595,25.442956074952008,-11.161315101738118
78,-6.173219384778096,-15.836995727702135,-9.517692359872585,28.021988632297443
79,3.406650245576178,-4.5889524464236295,-14.280444651157215,10.764294009954707
80,1.9558420231509792,9.613142774563253,19.257597031966654,-21.713958324546965
81,18.369462537304678,1.3352810577608751,28.92389444174751,-11.214699569597679
82,8.467087974108818,-25.62241093045746,-6.174888226214151,47.31042882403579
83,-11.243238621024569,-3.8875083272861417,21.61719823804787,-11.036625151002315
84,-10.726332578019877,-14.112176881805926,-7.530165041400239,30.272566658280553
85,4.3061066200387845,8.182594236702927,14.964245779152343,-13.476288714217718
86,-4.185248087986061,1.9925928723701551,16.712195680656468,-5.8739780442185765
87,3.419463109878983,-13.261954881651015,-14.30268420708058,11.663182799125764
88,-1.6982384406141406,27.609311522619127,-21.665042770656964,36.52017833484264
89,8.677364042611835,-5.532403779554309,6.861108637003289,-14.705981305207809
90,-27.23015466265392,12.06631736400842,-40.59432686401137,14.910699434575205
91,13.408840172020941,-14.840047086402299,2.8330829904280015,-35.029437110812914
92,-4.20339805999649,-5.773499391746836,-17.337918070925035,7.624248131689656
93,-3.618757648508006,-8.386075666421334,23.575594294865954,-3.775639651383747
94,-6.99466079819576,-16.724575361936846,-29.03678611346982,19.534789961584327
95,-10.663696291257665,11.809187626834161,27.14139167981993,-2.4504757697861033
96,-4.7786730758889595,-1.5021214522670019,5.70751747964637,-10.175767079929068
97,-3.060361148904514,-5.515983456945226,13.028597816304682,-7.000052362127935
98,1.857444533096115,0.1639083013535052,3.5419793768567893,-3.895318243705078
99,-1.6238475354539137,-0.3943696911935289,1.7349536116559974,-2.3062923966004885
100,6.7041861592569445,-22.08477431698094,29.572822651582083,-13.418484618251055
101,-2.419033905320924,-2.0016465668688084,3.741966447562645,-5.035075093226466
102,1.2897648196590488,0.9625500544094807,-11.020339783413357,17.70784963822532
103,2.936509737857083,0.17843050436131494,-6.821275211158841,12.682962634607602
104,6.065541947762275,0.9160623274457215,12.387873669812354,-0.44467329810869405
105,1.7734677696408134,-22.7525921877632,35.48034033480968,-7.320425298833669
106,23.1894338709429,-4.793380907551073,-5.7245010985455345,41.327734490759134
107,22.463245891184005,-9.31793385446867,-4.299701954718123,42.916011706065696
108,12.064848706162984,16.813348969674205,-7.3562456993295955,33.16889958142739
109,11.782849541650027,-8.27782407331069,-13.757700923716568,30.328187912557787
110,16.423110263896106,12.756723640811954,-26.274137146843916,20.03323476445418
111,1.5454862920067916,-0.07096486830907398,-10.680476625376619,17.95444951085338
112,16.22204341065567,0.8965651414243495,-31.085723759084726,11.945153704022337
113,-27.75185452056284,-17.474330045485488,-12.492215933818763,47.668734304125124
114,21.012905888992897,7.229575632094471,-34.02550696058433,18.02530164251985
115,18.20790325442297,-2.1306059160826085,25.953360088324303,-14.652456186506855
116,-0.1706658878183122,-13.568172803320381,18.81072895493834,-7.363004710540592
117,-3.4876117801134354,-16.807369968560657,-6.9127583061814715,24.97213997257755
118,-22.624644064073266,-22.149066269565445,-7.414373580857756,52.556730668883596
119,13.603447308093024,-4.632828941272544,-29.23133840169474,28.67887168436134
120,2.724554390601581,22.318562817483038,-26.98538377509217,24.119211830290403
121,2.1220991855843696,-27.132973594224662,-9.4370465982865,44.24723616748989
122,21.999474187202477,11.540833975999666,-30.970781058977302,17.443232881604295
123,-1.7662929724509318,3.314145490031752,5.063107107544152,-2.2506711692725645
124,-17.529072555817127,12.804974396837704,1.6822142426889992,-39.119935667114895
125,-25.353105176879048,16.603131026890146,-34.070087217485046,21.57878547204097
126,2.724006008385398,-16.03572529762613,13.307842162864997,-24.074690477930226
127,12.475553318223978,-3.8556063002341006,-20.379013954477177,13.968168946109948
128,-20.55570146798665,-13.28938893504557,-36.03630254917635,13.077054164780506
129,3.99316485468645,11.742063526381783,18.91059337384268,-4.235448336989277
130,10.566311984122063,-20.897975407497274,23.779897500694844,-19.364222510534788
131,1.8919724008688237,-2.3154606699410407,3.020483894184984,-3.5348996032871405
132,-7.7319467359879726,17.261968122206373,2.8339179320385326,-31.99802122349533
133,1.2009028324063167,4.9268785706561165,19.506240235325173,-2.7862264922826903
134,7.5551140230602964,8.495280923674095,-12.55287127077044,15.277156091015563
135,-2.1785307335231465,-4.130499395890399,1.3046499264926257,-7.9107688935245974
136,-6.58027383474314,1.9735541410956683,7.9558402039362655,-5.652112895111095
137,0.31509651773153735,0.3772889619740849,13.870203866014318,-10.530085297554368
138,-22.010886388262303,9.266201079795042,-10.123632546797326,34.3374911515793
139,-13.518360247947658,-2.9399487961911617,-29.23525209681271,1.9368007932027549
140,9.834985938105394,7.7798756955559565,-31.77005265374903,5.069611306683736
141,-3.320217033196814,-19.960756111758563,-4.439043542996307,32.92513540846243
142,0.9297429829638966,15.448470950317853,-6.325884116940998,43.120413415553635
143,1.6846571254749416,-7.705639080763924,2.9448552120293283,-12.404106571358385
144,16.872000001588503,-0.710579147275848,29.75118643403609,-3.2866196653733732
145,-1.8069708786183405,18.00314695208006,2.153238214526319,-32.39314857401475
146,-0.13877171369355634,0.9575705670529137,4.888038096024079,-10.01439474105077
147,-2.9895592446205272,-21.87306440988515,-32.80473022367853,10.04730923380385
148,4.353313313229505,20.879640604991266,-16.240596039363982,23.913788198022473
149,10.980911327892017,10.789589539682686,-26.43523224909058,3.2084963675699956
150,11.001995298706994,24.180790309346158,-39.175508706863134,12.19844570805969
151,13.613425241551203,4.7566123386451915,-23.219124945607092,28.59360313628219
152,13.183302890319325,-7.705567385066992,-36.56959608691789,16.514453686572956
153,-22.52561061517788,7.011892452360732,-7.761462914173428,36.61570908678458
154,-1.6213919976275153,0.47475878694734863,-0.8984613422310472,4.353224857017054
155,9.102043117026911,-25.025273959167457,-6.950418552878785,46.5087152038789
156,-3.961845275378339,17.272611138223706,3.637653056019865,-31.016124949843352
157,-27.169698902760622,-9.243090857615075,-48.624123000234974,7.944195871617944
158,10.760540729009657,6.02738501218258,-11.747625554306119,12.61064281801869
159,7.292562479761504,3.0057830593587576,-19.086368854950585,3.5332073630130396
160,-18.133811618012714,-13.846419939198766,32.702065415793,-9.22520796728505
161,-3.9137558339090104,0.18878137318629037,3.817345633623542,-28.597198351733837
162,11.097411412006542,4.584511936281883,-10.05031277352626,14.410200712175271
163,-0.29798785449738646,-2.2723895157802807,3.5139345891462903,-2.465522520904523
164,-28.09475104898739,3.2291464554454308,-47.09626495152517,8.143727203769437
165,-3.16066552164385,-0.35269383911080204,13.462717272320926,-7.365348432669107
166,9.221160435272504,-18.04339532349668,0.9745503060754035,-36.65860062764425
167,3.165812278873117,7.585654684057695,19.93350031971189,-21.180496518463748
168,0.0010397597619579702,-28.66566255121254,-8.000568559495168,45.75987779682768
169,16.47670624715452,-5.706467439867284,30.296206182472712,-2.495417756447437
170,-1.9362405170403303,19.920858557854316,-24.792641349673243,15.09536423182883
171,26.615812125101968,15.720911178844226,-33.93601603794165,23.492091501331295
172,-0.6125087615045672,-6.013227216510111,16.6462569005326,-9.236185769588609
173,10.60540898220471,-24.066532454206424,-7.681693294263287,45.7230899635461
174,12.457806573682896,-2.5928340229092663,8.327287159571275,-20.823254795503694
175,-25.314925636952943,-8.63392532121138,-31.42692846225081,17.91039745426165
176,17.133308779732754,-4.045728952659893,31.542879052561037,-1.336198906222668
177,13.034900111190687,16.828454050287295,-5.334988836867293,35.22101210165237
178,7.1132056359675895,9.700307984279982,-18.005412006196117,5.980462878737984
179,-20.52974217414278,-15.625244598373394,-47.134613195780965,3.614296862043103
180,-5.212963645941538,-0.7051755179902774,11.62679960988583,-11.559994645108345
181,-20.537312120433246,-8.562132090048667,-10.876284591226879,31.338732647717272
182,-5.03498127310724,-28.944662976930434,-12.763904221206046,41.148774316945875
183,-1.0945159029528775,2.5743714037232133,7.057577308887765,-11.774515890050429
184,17.41275257581168,4.776621899556529,29.455159175490476,-3.8636362351189772
185,-1.452653552767688,8.672598358243388,-34.80636772770497,23.639793070328615
186,17.5091489076654,-1.2665484047260713,30.962768666287527,-3.8042284808268034
187,7.214508853954623,4.700773052216764,14.400682263914266,-2.645572044683278
188,2.968495479471398,-4.668565631169892,-15.039133367401062,10.023193336543688
189,-24.010235582232017,23.320149528413555,-60.93972055281915,0.39085442504578527
190,9.668264481063051,16.591907650438404,-40.031680637803916,18.452218599818092
191,-20.926009222232416,1.6732828648442308,-26.137032339682836,12.530914296911881
192,-10.64291226008391,15.188378991881459,7.373961716219036,-27.624168524681544
193,-10.97376536566386,3.926816843557109,11.975099925253884,-29.323412554508096
194,8.990404772601444,2.993675205250071,5.452705080197079,-15.224166367684274
195,5.908279071482571,-7.716220184251828,12.342597743499853,-12.901107753903036
196,3.666439107876594,1.8433431305409362,-16.72843946209349,17.477617919101746
197,-1.0552387308636983,0.24799511898160762,0.9383094145776254,-1.4812306985946062
198,-0.5034800067593943,-3.5129544922925686,1.1380210701461038,-15.370879650390867
199,-19.688353649609205,12.036551636955053,-16.145703993795912,28.44304425573994
200,-6.205302097287318,-4.495731923668768,20.929151082183047,-6.511207447201786
201,11.174708803817637,24.42918199913819,-39.15675001989638,12.226314363235456
202,-18.85147271907646,-7.83815924435111,24.074883998567973,-17.60858666449225
203,10.793537761342959,6.448648914223742,-12.132796511282944,12.20054563504628
204,13.804818167780795,8.860700338402808,29.956707958797654,-7.346204597043016
205,-11.921990542410423,14.650592550023452,8.563814715796875,-26.498029775002458
206,-0.9457599084780022,-1.7651332393633248,3.9697244012753594,-3.4274670107354206
207,-1.1047518147025508,2.4271239779892007,12.57942384284759,-13.328576890447332
208,-1.984409895374056,-5.860792658366208,21.563137465043766,-5.604153673240482
209,1.3277426624339361,14.012074941055124,10.622881710808208,-18.23782954955368
210,10.127681812311353,-0.5485112952108082,-12.219289946690377,10.729735251230126
211,5.938997936070095,18.374041741655304,-26.866489034573124,24.41908747236171
212,-26.109942145567757,-13.710555073914458,-50.06365640800405,4.65191656834304
213,-1.8632310971182595,-18.231990595883868,13.586876685765791,-23.548705313087183
214,-2.68020579755834,-5.596764818447758,-5.981364409347937,9.56135647318565
215,4.3747359934696455,-30.19176684095515,-18.55282740125105,40.60053417454524
216,-6.01987386371156,-19.426424838512737,-33.441050083049106,15.041553846237878
217,16.105813923589032,16.23763461665006,-29.008942487701486,17.170926170144007
218,2.998415141490415,-0.1475690246726124,1.979999311518427,-5.262419262852212
219,1.9770996475248843,-7.673297691058291,2.622738415117626,-12.757545379308256
220,18.09003411761337,-0.47501259358035564,28.121518827259855,-12.166052581740272
221,-3.4810808146596353,-7.321172583190056,5.764260980360467,-32.669625764272226
222,21.757877626962987,-9.405524266314165,2.734256919969663,-41.01930307784997
223,-5.145552089116456,4.107614063150894,14.046908949255243,-27.31118241291042
224,11.352995613634977,-1.809611381709197,1.4229973366386797,-20.49246828463474
225,6.692745367834173,0.6358120545496783,-5.5265162926336835,20.96601324990022
226,-3.1933636172799025,5.180951881572888,-22.64910509274646,16.334989829820593
227,3.3158842539375883,-13.30143651984188,-14.477624245651274,11.49523324590436
228,-16.249188060805192,-10.243927615638487,33.147852211655305,-3.1843558822986484
229,10.483845988264832,7.898960251085986,-3.1443640724136612,44.92243335804333
230,2.5186863192729145,4.7194515559335946,-24.401688514967308,11.602990186309475
231,16.35923984425481,0.40207484689356576,28.04925565423753,-5.0426921333502435
232,1.7086775141330315,-27.842109226650887,-8.146967832346906,45.5567260419522
233,20.895233993409356,16.34545327411237,-46.902803872287144,4.899132723486568
234,-7.0682946500071075,-1.5298667646349406,6.222915656641328,-25.7443070917856
235,8.081641350483041,0.33442808790723005,-5.4671009469478165,11.872612436909414
236,0.47062035489938914,-2.071304510481767,14.2854752859024,-5.472154495467704
237,2.4305040287873694,0.17371925636884883,-20.764530849246338,14.464512162669694
238,-27.284743179658676,4.4522391385533,-28.143279303220034,30.88532459027668
239,4.542781754595443,-21.725522689573317,-38.891923608600585,3.657606166416606
240,1.5957186636738587,1.919529373939355,2.2731407771496914,-3.971203452302608
241,-1.0462454368904357,-2.0299684937813196,0.19043761048220098,-4.797066338042724
242,21.170771072294215,-9.987912832673976,3.93843637716497,-39.78507850115203
243,17.9629892010827,19.275679537347735,-45.44503299759485,6.2124603997650105
244,12.075921678595046,8.61781048577775,2.0751941621683136,-26.03625304217158
245,-7.319060750020442,-0.3524959551060291,14.704098193678526,-10.303756453165924
246,-4.153189347548929,-6.693221422047423,6.485548133327175,-31.969617199262345
247,-0.2613324553066762,-8.4217371311021,6.848529641605145,-9.94711232412551
248,-0.42929393367006724,-0.42627548702108925,-1.1686498044417735,2.352664802212901
249,2.9215224464476974,12.867096609043475,-32.14732794382904,6.073878426799025
250,11.103430521197994,9.124629731533343,24.326337643714595,-12.94667874182433
251,20.386003574354753,6.455275105623142,-14.808050190818465,31.759311732757368
252,19.48797042441849,-2.437720202860645,-23.519529604072652,32.66905245569876
253,-18.246225729699578,16.096016412304547,-21.43195845854698,23.314435132666674
254,-27.284290787291827,-18.11504630372635,-11.533458682667424,48.6063039520305
255,21.47428079395584,3.112219334237751,-7.5665317677369215,33.66017579690093
256,21.30513923590579,-5.130859877123921,-18.484541686128722,23.075900740354072
257,-3.0514660926302923,2.165323119794982,6.850057374539174,-2.469843612440453
258,11.346340930500011,24.33934935848605,-14.284666810659969,42.626296939334516
259,-2.299829981618225,-0.9558712245997217,-18.67369009431055,23.042077380870417
260,2.5483574154212754,12.14847288131442,20.47302996792571,-2.7776068985048727
261,5.848006261879849,-2.921208365092062,11.232966356587236,-8.826675192619911
262,-4.7003581743727665,-2.317377019120517,4.383372272194114,-12.10378967032129
263,-20.51368176214546,-1.4520257398990903,-21.06354336747555,17.472230452564148
264,-1.1718638679644229,9.202675873267756,9.437439136275593,-8.587591502793982
265,11.398221972262574,-1.6473894925191142,1.3517574807009383,-20.576323256672865
266,-3.0232968462482304,-11.260935404103394,22.78123251262779,-19.434899073080103
267,7.0699400166687685,25.646287808616748,-33.52757570854146,17.713440462532994
268,0.04406243318330255,17.17230010884236,-14.81650519015029,21.40794381402523
269,-0.851331209728436,17.82888091533358,2.802049535217979,-31.696934405610072
270,6.949007714340504,12.052457046913636,-20.32156401173376,9.083054964918134
271,2.1938015129210244,-15.495409394374818,11.220131377827537,-27.9374051207391
272,-9.680044198269018,-2.271316100533347,20.731649106562585,-9.898552852018195
273,-7.826172282602985,-6.486520921645769,-40.112553850677806,15.750118467983938
274,-15.266697430529941,6.315608714861825,-24.592418337121007,8.836126028373933
275,2.846908082520677,-7.663239318281244,1.4992685632678717,-13.972588653964104
276,-15.986030949472289,5.272627388798506,-26.44330512227382,6.923713746930762
277,10.833325830107404,5.069224453428323,7.7117821381463365,-27.46074297695442
278,-25.040393063510848,17.073579334245533,-33.19841822927269,22.466840206099143
279,6.70851238228846,11.372499929112818,-22.346866202236384,18.148711374677923
280,9.857396211738932,10.812667134575781,-12.15563700784492,30.156832029586305
281,3.479292867752402,-22.967170332621716,34.305612331423646,-8.559815925528522
282,-0.8361162124323995,-21.60184202210561,-34.26885629749475,8.500926996982884
283,-12.879841097171294,-11.2088441306471,-23.79947585577097,25.054402518203766
284,18.778728921335485,-1.6060368906852254,26.935742430823023,-13.239348238711242
285,-0.6255791334932885,-0.18192661497241225,-1.1638745904780698,2.2554015596362227
286,16.34128683217631,11.343339852291178,-6.387295969258428,34.42545250297651
287,-1.524293562824595,-7.759309379501571,18.07813068522852,-17.808836677462423
288,28.00672215724318,-6.2609387884209315,-49.95828578190903,8.122051232225878
289,12.528307399971037,8.527601717487814,-27.74831808463434,22.35823009547814
290,-21.45421145342839,10.317398289669683,-11.832829922476071,32.671746551065084
291,-17.22159379437232,-4.701788435179078,-35.75970696173772,11.7879003503659
292,-5.397124766736806,2.8676946747547176,23.211607126593915,-7.194288649311231
293,-0.9636850982115488,-0.44272215966240863,12.724523467310458,-8.310723672648766
294,-29.618977503654833,-11.49838506051762,-22.248114275686383,38.08145637731866
295,3.108310218158382,-23.034789448494823,34.800509908428936,-8.050767704591179
296,6.198470275250932,15.490183047081631,-13.539688682312272,34.34205913341833
297,-15.574659737504968,-12.118400442182633,33.00099207134513,-3.4200574803722734
298,19.77929623174757,7.096017036550706,33.328580698592525,-5.571458075903358
299,-7.486768600035188,0.7294765578404043,27.67482894864518,-1.4449606220910223
300,-4.472912789424158,1.8706027376553043,5.698875907508951,-4.085887308606137
301,25.445959763484638,-11.203589547480894,-20.751717577622053,31.99658420895642
302,19.94934566445532,-13.65594539193674,-7.644517691167101,39.74445885091893
303,-7.432849170328099,0.5158180587031959,24.027241291921072,-6.297904772352176
304,4.648038077750951,21.46944596449517,-26.866086796761188,24.33847232103207
305,-5.907564315964361,4.862234115439106,7.373953366519901,-9.491704028668446
306,2.9956525445038467,-7.1235835180744775,-8.730117090406692,6.077538775420523
307,-0.8265625221457416,-5.714814852247702,16.508488746296376,-9.34446116765248
308,0.019291210546824755,-7.2068056731453405,14.471200813131532,-9.688381987374239
309,6.78974987782837,-24.303708987835062,-10.591591133781355,42.94081248591867
310,-19.911233357508234,-5.027524560548044,-15.525300683581815,22.854520445936444
311,3.511145144792889,-28.18408247443255,-5.306858441007761,48.34688128503134
312,6.213997085693286,6.856646967201621,16.762880423262835,-0.5107662380358722
313,4.499469816138339,-4.588832242081671,2.5300840986341844,-36.26963537458094
314,-26.390558454882534,18.31171248483764,-57.32971272788713,3.853403691287682
315,-3.2841802527637327,-16.80333501952369,-6.721508742340909,25.153244966811826
316,-1.3637300397407603,-0.7132859980948848,1.2404696323085855,-2.8924082726094866
317,-14.826184654371408,-8.924654306903662,-12.482599069849295,25.63011176835368
318,-12.886787364410006,17.33018687202182,4.80970734133237,-35.72593182665556
319,-0.9253715652894119,20.5781227502059,-23.976231371296834,15.960226013755406
320,-1.4895405183391603,-6.445870471624251,18.914988910156858,-6.833966018158371
321,12.349572509559103,8.230865647747544,2.2718680292011473,-25.812120453374433
322,6.625174132022542,-0.6208497256718378,10.67161207480631,-1.8784909532795666
323,-6.575556710739432,-0.7106057127406884,6.16246307154573,-25.895613521240932
324,-9.07225093148429,-16.335410200071927,-5.146589462579186,32.519223907782425
325,0.7464015005305373,16.072326184467176,-13.123132683993429,17.694202000019708
326,1.7886690587450733,2.276372077997579,1.3682582159690786,-4.92650282746842
327,-25.2647471908261,-8.842913556508304,-31.7697493907494,17.56062208370812
328,12.757556062624698,-26.062840732743343,-0.4843752594714079,52.87775804374752
329,-1.5544946725412645,-2.0916334288951366,2.192311778677096,-3.337446600180762
330,-6.438288777320367,7.63764406863559,2.0790439360398723,-16.454997317275947
331,-10.8172390222511,0.8120412336188734,21.49342842434036,-6.825933288687107
332,-2.276482242195273,-5.782163775505965,-6.099660717487007,9.391658936170696
333,16.12258043095874,8.539752850211851,25.012623161845987,-8.498827511452118
334,17.453938009916822,4.712017649816339,29.57577073144512,-3.739491160546743
335,-1.0882412670393475,0.24668444775392626,0.923436029478109,-1.5169035272796725
336,-15.758759552702104,9.079045655982565,18.62110446698895,-16.761802906864055
337,1.5349255796089627,6.722780015016529,-7.108958998122672,26.82374880097271
338,10.190287673216114,-10.520014763231842,-19.25166735025056,22.88280157008691
339,1.288414049363989,-0.8595122633570423,2.6773798257713106,-1.8551625541777028
340,3.440567713076057,6.157255275380703,8.166767726995579,-24.879854248689263
341,-9.933694124170701,1.5838259694564765,14.226545420207781,-27.197578678989807
342,-1.7431007685082927,-2.254520548428962,3.616054074327652,-5.2865469425964875
343,3.50564345742799,9.49535969409365,-6.060479089585215,21.48852048204177
344,-3.931552062972248,-16.66802946376334,-7.600518417379654,24.3078085712406
345,-18.21146534341518,16.142563251963665,-21.52503482287805,23.22344707115345
346,-20.040128585923263,-2.329738261612743,-19.681096115620612,18.813427628423106
347,-5.363410114865586,1.5871817187141275,7.155213656474023,-10.086970139144112
348,22.009037528568975,4.870004956306688,-12.80706149506913,33.85589158407854
349,9.76149097121748,12.355788547727443,-23.135326610597886,13.87742541897354
350,-13.94984344921999,7.457187188030664,-17.977150834536026,19.336956732806954
351,11.73676086074973,5.136845102194785,-9.99026436026421,14.457607996657403
352,-25.37169168716364,16.57998468696863,-34.11776359259954,21.530257839118228
353,2.4507763954350077,4.95667397223686,11.15080788941701,-4.004642260598088
354,-1.4227265207625481,-6.565001446741506,16.134802857762526,-9.70403533996503
355,17.594957932331024,0.6352656726957054,30.46196882529104,-4.64937798853035
356,14.039839390308968,-5.703525496366578,-9.10624520270518,36.64614013461608
357,10.79605726746855,-14.753119650748506,-10.96827433736276,35.128239141386594
358,14.978395080438544,10.486171428299992,30.3426911673973,-8.804550655084869
359,-1.7269663624107552,-8.29861019771718,19.16517099598711,-6.6308314623183975
360,-1.2424979907190643,0.6439621320523471,8.400580056874634,-10.835423086171467
361,0.20317252081286835,-28.782076134249394,-7.555150728543913,46.199111055901405
362,5.683383064555402,6.287418769990376,-4.69520128393514,13.837642266217133
363,3.363315538789849,-30.181627541874313,-17.462259762288376,41.71912952070336
364,9.40921112218655,-19.845057044383047,-38.98802155628933,3.353691518934844
365,-21.900888881439837,9.000295383474313,-10.229188714556747,34.22355817020966
366,-3.5890731622732566,12.05670084188968,22.335851367849575,-1.3504743940971302
367,7.486367740023413,-7.664822762423795,-33.88831201186932,23.895179316468727
368,-4.497673657465124,-5.52073138489388,12.196040852767593,-14.999322928043496
369,-6.268382083896419,4.216307470500757,23.443987304767724,-4.940689957510385
370,0.4841185782852377,-1.5063361597155993,2.8106237176892352,-1.3839930989915432
371,7.4740046381562975,-25.794435136282807,-6.825058243954915,46.69128270718878
372,8.026023776426676,-8.906532023863527,17.550149692786768,-7.47152899327722
373,-0.9326590943327511,1.3484511353331279,5.194505481512952,-9.9038803482687
374,-6.82708417037031,1.7542923522906546,-11.676352404151423,11.950169796864818
375,-0.15296165586066796,-13.66932268958044,18.970707425558334,-7.204727400035004
376,-17.574028018875516,-5.155918301398718,32.22794078732787,-3.864811574946607
377,18.879551723196855,-12.758486189430593,-30.86836317646186,11.00819778573068
378,11.183898904354772,7.6538333814259305,20.39950069483909,-18.78491896919104
379,-6.528236911834666,-10.292355159252956,-25.172444093229817,3.152118134851378
380,2.3877391446302214,12.598473796779482,-8.776655811971725,18.854206715135383
381,3.478807894570208,-22.11425992861886,-38.81568832074425,3.7771652179477044
382,10.910569308790812,12.64751389076518,28.01710905348083,-11.366801396395104
383,2.051797350161952,-7.653327527865705,2.563601164036228,-12.824885309263736
384,12.917066264134466,-5.956531105142445,5.121655975567611,-31.455059204395994
385,10.269041327417609,-15.07459389580099,-21.23089016091415,26.490019095108394
386,-2.5787892937171066,-3.7216702617243387,2.3130358291373496,-14.093142563952709
387,2.9756041468001393,2.6367386200321112,-15.838085642800273,8.549710469454203
388,-31.89742919010978,-3.5404044210854577,-34.93003651837068,25.62482045121768
389,-15.937311040300512,-2.015856383795992,20.483416934903758,-9.954472154496667
390,3.935751715853355,11.727615516450221,18.892982996517848,-4.256830070015651
391,0.34538619192198994,-3.4889591066754706,13.082438201724568,-11.741392870618018
392,-21.760019250429686,15.552657327956421,-33.71028036251029,25.64186017129302
393,11.82567380405953,23.017657792574408,-39.432554443578354,11.98083850956998
394,0.22733087111848294,21.85535351293032,-22.030023105649402,29.008646478819927
395,28.080338618282568,-4.358472850633237,-31.46044448192418,21.057230603989787
396,-10.249789588221091,8.332641788853724,-22.55150129936269,18.547761623976818
397,14.733269357978918,-14.036996309359905,2.9250276586440935,-35.00402284808214
398,11.832644705969024,-3.7957173054601028,8.450336010787769,-21.048055431126542
399,3.682559262397178,27.338161856647908,-29.10564583242261,22.015628733541448
400,-0.9758817456877416,-28.547312515738717,-9.294609909332411,44.49513035490815
401,-21.694394839478853,10.18387998239228,-11.314624819104866,33.181796373052336
402,18.083504402913363,-23.93576153908851,-37.98427183261432,20.717518845106156
403,1.756515135874774,18.85427058871435,-13.477109082933065,28.454637582798526
404,-1.3110875663216521,-7.175123013678507,12.118036347014476,-8.237980309038845
405,-13.674933151789203,-17.457191610665863,37.25429698623338,-4.895999144035692
406,-10.487228291284115,5.303895203814254,5.270225360808622,-28.526511252787635
407,6.402785455018022,5.874779355864306,15.217203083308604,-1.9664520035256876
408,2.004345287417959,-0.2425915192644933,3.509228320450314,-4.485662766802758
409,-9.139528061537694,-7.103512320435356,14.713896465096056,-16.193549480725025
410,-28.09393616352567,4.150866082797548,-46.63701985540842,8.630387081529726
411,1.243932681785366,-7.835163447659814,-35.18017254903018,8.501810283539918
412,-1.665475468150773,-15.477561955626488,-8.382294075847703,23.399146949302825
413,-4.466438189917643,-1.5460271943985735,13.70455541850312,-11.672865484897507
414,-3.9437965586133483,1.010454755382278,2.8610661318569783,-7.446539080936704
415,-11.335911597244124,-13.505946297840518,-8.05728463449024,29.784379682149684
416,-9.269751266885768,-16.255095292922253,-5.068819488986244,32.60650060605442
417,-6.3226636365055215,15.510193346827597,-58.76074500938655,1.413716766356671
418,-0.7932771921810169,-0.7807513385992355,1.5337899535424007,-1.7195757836608232
419,6.237648060239661,-26.525343600289247,-6.4033964318710375,47.15480487665257
420,2.1346930671452524,-11.149914251557002,17.264281809279858,-3.579071452225798
421,21.257195861851702,-7.713447915889431,-14.749586004547869,30.63978918691876
422,-3.0390205973621924,-0.804647184290152,-1.8195396168987759,3.952642270608424
423,-1.4651903518689604,3.0012100712051324,-0.6123194319475114,7.293218194374628
424,-16.036154260006967,-26.438126804768565,-4.880242995173145,54.87571837419977
425,0.2534094972340911,-5.5974575522843395,26.84042699633709,-1.144072311955692
426,2.2142291882741625,-4.51385180314457,11.437112743412925,-29.12928637459344
427,-11.664314519403467,-17.387623622625362,35.06849070934764,-7.152076004768611
428,-7.2894150799243995,5.240802129584737,-11.72246804830542,18.3113824105811
429,-6.433704552938994,-4.679151901219656,12.636887528785255,-12.744520881555497
430,17.200594905559285,-3.912884360958758,31.679811344911084,-1.206609651988467
431,1.9685350685610563,-1.1163368915651826,-40.264497031442666,14.37212101958647
432,16.78476999639127,1.086835393818571,-19.543020731402024,27.230693227079428
433,-24.74628078426942,-4.291013547254485,-14.190471348569428,44.58608011771907
434,-16.64159731276394,0.7553106572279259,-13.165811122759044,23.76686794028037
435,1.9960493145435212,-16.186577020342405,-3.5451243642719703,28.04585941080699
436,-4.499014827571466,2.7337178652749414,22.474451156274544,-7.950801284466147
437,9.804766107569872,-18.04454070131708,0.16803455498834596,-37.488271572513746
438,9.977710951388298,10.46576549434613,11.247716301470287,-18.657020687007893
439,14.851678381515324,-4.2869075174199045,7.009714513393591,-29.72225096968726
440,6.7620177119686975,13.032043776088896,-20.16608211011852,16.45124990549166
441,3.613818782126509,7.802540963994094,-19.9751753208687,19.009717460486915
442,-1.1296210916645404,12.590344350731133,22.88607265898369,-0.6264479946470436
443,-3.952652015037902,-22.994414009961726,-33.884986538956326,8.997967071083968
444,-5.863105732454543,2.277310321310223,12.795253337631483,-25.450058989781432
445,3.2675728854112664,-5.622560897156677,11.999823070793013,-28.552681655082573
446,-13.388497312632026,-11.101436358445019,-10.79825271030073,27.17319175143877
447,19.028348826727996,8.416371541945306,-17.994869390003387,28.48317185005682
448,8.83364968799109,-25.163723911193276,-6.9006419052235515,46.5679387957868
449,0.09157453810354299,8.38760570975552,-3.297819389365422,24.145989995806914
450,-25.35200027343634,-8.601086152070433,-31.38172004218864,17.957050747137636
451,-21.60342446943045,-12.216729879663749,-34.90608587445437,14.25759327750967
452,-3.9579803379370126,0.9246678071289643,2.923300145910574,-7.328172277905249
453,8.327903537285062,17.26649162516527,-13.115473339908423,27.25639726054895
454,-4.128671324932123,-6.2434655846739995,-17.683439105870693,7.358408389890447
455,12.609341570229683,-6.322384740518955,6.381007637048368,-30.30962259729629
456,-0.793596451154867,-20.060009614016675,-30.430549139312504,12.31641806632005
457,-0.5755705694396851,-0.24290456365316648,-1.1648731220641064,2.278028988923161
458,-19.585780457926667,-11.566710853915808,28.83718036404957,-12.985882307977535
459,17.282511390137213,6.122877253009928,-27.560843226083723,17.164868436754944
460,10.415248540707593,5.024328950808917,-18.352984159045526,11.542804893331855
461,14.79794755501477,-1.1465649441999446,18.767943249893957,-14.317890732430419
462,17.08694726976533,-1.9311906066845985,30.716437335249513,-2.265589198440547
463,-23.08540822390744,6.232128063678593,-6.182932409830881,38.16034828541686
464,19.74393999182582,5.515515035347607,-15.176224254186645,31.416067761913006
465,-5.83493944807742,9.384658295755528,-23.655477524835256,17.992173137554914
466,-2.552931556832862,20.078355869493418,-25.814397667752164,14.04896560495864
467,3.976748835775599,-4.852327148156366,-11.488232098371556,10.510798518965284
468,-21.79314714957896,-11.725061649693677,-34.1462259902021,15.035006592026257
469,-6.068039486217394,-16.87352092969706,18.292030272136802,-18.618614614237792
470,1.5908642350472975,-7.719704452987213,3.038655745068094,-12.300101711666306
471,-26.016472572456184,9.517485572332475,-39.2417368001136,16.195132845719726
472,-2.7457248699214993,16.242589979171342,6.591019490232737,-28.00339940302633
473,-28.10763454307648,16.985296646298366,-58.596720886378584,2.5343720793238615
474,-2.7232061829741405,-8.084467540639059,9.370735998355741,-29.23178794111692
475,8.846441319561062,-19.409381913057967,-23.484846548514028,31.64770509550506
476,1.5904169637913241,-22.729528884630753,35.605041816080195,-7.188763215463659
477,-0.2409788636898011,-8.502359762647915,-23.723937956832273,9.808722253208431
478,-3.840487533184497,-3.817388091490083,11.001781996321926,-20.82208807729961
479,-0.9353403327159133,2.2632872529197448,-29.30704811233413,6.672158842871568
480,11.283089151585427,7.62642705068575,-3.301203370200905,44.695180563623644
481,-1.6534440561330863,19.963388994530842,-24.41117078814928,15.488851884910355
482,1.1080612938406542,8.972348898562885,8.693643167999946,-24.35080813096608
483,3.0355679993769296,-7.617515054555418,1.3351379203774534,-14.157035805618259
484,-9.059477190014748,8.490236546204276,18.804957255790946,-16.315281873620883
485,-10.671812146450826,23.76633376066813,-45.185389079082185,14.720672049982758
486,-23.985217625650684,23.347508568114975,-60.93407331551934,0.3974732209345495
487,22.894284339622086,20.178572056314827,-24.841560396475764,32.42130876773355
488,-16.921141279009678,-26.73711687634801,-3.1198279740783077,56.6519582439188
489,14.199052547752519,14.096257225579146,-6.9694277641396685,33.7055591830692
490,-0.034345439949455936,-1.053373494206231,-9.78956782557332,19.000259944088924
491,-13.52086508856536,3.3837754783214606,6.661033157370822,-32.79491645006379
492,-14.518186503101672,-1.206710293939357,-6.881508286100988,30.073914799347747
493,6.440977891847382,-15.960145123038906,11.299775140119808,-20.74103486228772
494,2.490233340263103,22.206592079591914,-26.686691340238617,24.409854674243554
495,17.249955006741985,-3.641416091934289,31.72769238409408,-1.1721457920181253
496,-0.5297717229962038,-2.9790479245909736,3.2891854310840105,-5.892114880875727
497,1.9069040514075728,12.442206964982397,21.412054507499775,-1.8880863299933948
498,9.48170023494699,0.5936277878605869,-13.484720102273249,16.694142847671714
499,9.473459506586858,14.399898365266592,-42.995380804856296,15.725492421455275
500,-0.0026581500672272496,12.748414899715156,-34.993465472292804,3.2464465391706323
501,9.182097421033381,26.123055763510298,-37.47448090955396,13.826830308651312
502,-6.731800769441784,-17.44302311314852,-30.10795991965092,18.4337389777267
503,-0.6745451266732343,-0.15025520113129157,-1.167688076420264,2.2805444130897534
504,-2.047542540860549,7.765452988144548,23.075306369615724,-5.775579566767657
505,15.80395204364094,-8.300380219554052,24.000906664367953,-17.831990166890748
506,11.110340364560606,7.572244656487235,-3.090936568353997,44.927812067525146
507,28.09239128786204,-4.339330937710806,-31.498094113452034,21.01895556873123
508,-30.110469139596024,-10.818760640670535,-23.273301202337073,37.0786320400765
509,4.106642134698937,20.887408671865344,-16.627102783972134,23.517333222076694
510,-6.522940679463602,15.722564336539515,7.1252687003221205,-27.665829806054454
511,7.4346241471686945,-14.428139987272091,-21.415694116251935,22.60178992530085
512,-6.592840611353066,-10.278991578118049,-25.245883018406445,3.0869944035153134
513,-24.139026236387796,23.179654665595265,-60.96940898649503,0.35617119863970315
514,-0.8666919611638639,-0.02442205152078332,-1.1823873349852168,2.376589187150482
515,3.8800225143550287,-20.473353269647962,-35.2663082704372,7.293260923495378
516,9.982637341176309,-0.9379273319470347,-12.401829267998652,10.445291587611294
517,11.763878230595198,-16.8008180930456,0.44353199759255313,-37.31204923667008
518,1.7090743485398454,1.6551244717553206,-15.94188223093394,16.230019496639173
519,-12.384596639787482,24.23249735596942,-43.65011567264459,16.232108781309073
520,13.971658060035955,-18.552117704205294,-16.273384269394615,36.930819105619065
521,-0.9583285678961055,6.592046672278736,7.95571893565417,-10.02035791852688
522,-3.4220550357344193,-4.6035354854585835,24.06158004864104,-3.4671484865280418
523,-21.863549998519865,9.15280580452297,-10.394368980083554,34.064084245819274
524,-15.85086351882328,0.2713813432078489,7.120639145121848,-32.55865516107673
525,-13.614193751899274,-17.089221301668005,36.33405360827124,-5.809040433074939
526,1.019329783738581,-3.012468140727214,2.9018868362405983,-3.479409459823037
527,-14.899930611024596,-12.656693767911149,-5.873928064932791,32.09876951572494
528,22.221280016811317,3.4948026282240625,-11.460125565627623,35.25275395377438
529,-14.613005552952187,-16.54549921421603,35.89484925348559,-6.205711828770374
530,13.450369068828566,-2.2034340448309657,-0.7848341322243195,24.170711816274135
531,-1.861028442622899,2.361354270432028,8.43689417558868,-10.748310936473665
532,6.865383020171077,-17.046154062133578,-30.291975964252885,12.12841275471905
533,-8.032952847798112,-2.71796128248458,-13.540895439273804,11.81894354895459
534,-2.2327821236810093,-2.703797921954045,-22.82751748785539,10.154806808991047
535,6.659295132468833,11.934886944105791,-12.881469955000282,22.05155615756209
536,3.185849508448704,-7.609929343801101,1.1584322998048981,-14.350074836413599
537,-2.4045298226971856,-3.7634671608391876,1.9550476502157497,-7.1861183506426745
538,14.598813594632576,-18.569636253185376,16.48078892102071,-26.837431699186794
539,11.455440703381987,14.14222131449456,13.94961117786007,-19.91465695278194
540,-0.34332393683846346,15.060716189277061,9.925249977895211,-24.574805521578014
541,9.211016939217258,6.406906469477708,-17.606111316159144,10.578269735603207
542,9.223479891650136,16.63641836370274,-31.314360415972338,20.086697487757654
543,-0.20548208838105536,-0.7543570878577852,7.698754386893235,-3.9982873661214287
544,-20.912501579102553,1.8627638818823749,-26.42272247946919,12.253134356691865
545,23.390625804543244,-0.33638072227236826,-8.777493233666892,34.36208333584921
546,12.51770710038012,-4.818957189769214,11.940801921358243,-17.023093202356158
547,-1.3133206215330389,17.768059293329454,2.868190697551,-31.652943564984312
548,14.924777644476439,-9.652560759250505,27.43981330097236,-5.140411383457767
549,14.355501812769905,-1.8646351554697775,-7.2812118420553595,19.278981443104634
550,-8.337360172630673,-1.445202414819659,-14.006604128852944,11.350225473863027
551,14.905045838240477,-14.340458791888151,2.004334731782303,-35.921402872378586
552,0.5185453886224226,11.182830501337946,-12.135587382417416,16.877984139653222
553,3.3301343232067206,-12.8018848182293,21.483175490505207,-4.929608249605833
554,-19.45310973759524,-15.760673496042141,-39.838919898387175,9.184765614256374
555,0.7501458475539932,-28.58518854772089,-7.431814553004168,46.305015340048676
556,-1.4413301542208332,-0.3631219658014849,0.3446893956932233,-2.5786757837145906
557,14.215338665164493,15.651407864159157,-4.5480715113568415,36.075077609435006
558,2.172945370204443,-1.200179266660866,-4.673091244605507,13.32233753149156
559,-7.477670131236186,25.490650558786587,-13.186493191770069,37.56395954524893
560,1.4163873998052572,-8.11712666767036,2.505762517485413,-12.808402045275143
561,6.210114911085118,14.154447029008423,-21.009953612639432,8.299088155861448
562,28.255510246566327,-0.2245025748017535,-37.464270105942624,14.925691216345761
563,4.838043722373794,25.66383158440517,-29.88985883650094,21.281173407084175
564,0.797289954057746,11.935207055953105,20.550521886867724,-2.819647311502284
565,-20.22613021068851,-15.12002597959449,-39.320873481409066,9.736105552351052
566,-27.753278412315687,-17.4699526947652,-12.499996858899989,47.66107176730829
567,-5.2384956261336555,8.128501966868862,3.869295196544251,-14.550412677276343
568,11.13720059520074,10.659566931412389,24.966789404918828,-14.345708150613659
569,-6.191919809628055,0.5251120539660807,-12.449617017157532,11.389589067994425
570,-2.788205135905542,7.751837597212064,5.533288234016901,-9.693441185491647
571,-18.795836148491087,-12.726110432310033,30.798480078771387,-11.078450856049473
572,11.292182001725944,-1.975681100597732,1.535113380916075,-20.36718111548455
573,-9.27419635335928,-4.754987960265066,19.83009026914732,-12.495164785856277
574,7.912957902694097,-12.342345677115757,18.54020016093936,-10.02635270409793
575,-5.666385624433197,15.533126738038458,-58.72976746917383,1.4211977624614298
576,-6.561470914157721,-0.4989622073276533,7.95762278949535,-7.887167426957804
577,-13.454743990331517,13.427109238738096,11.271731443197673,-23.880302892209826
578,-4.067399229996385,-16.42140539599702,-8.103107096596696,23.81553776003932
579,-13.692208145132486,-14.529440008250491,30.413263223870477,-11.669825403476418
580,0.04422923107844645,-13.596907714871886,19.128481109338427,-7.058901887787993
581,17.001404119572385,6.393047863972874,27.85739735061657,-5.542035463895971
582,-22.30671022353519,-22.336970655613428,-7.330979311742384,52.63023650870533
583,7.211973569178331,4.176186403774278,15.925255151491967,-12.254336923425141
584,5.77113051688432,13.239230090750054,25.066483634056084,-12.361552374535053
585,-2.3305449186241334,-0.15250894289269765,5.421610905062542,-2.967116127954913
586,13.82047410851755,15.541208296231558,-30.270238586362755,15.882827369812238
587,-1.3132897865069297,-6.312453816884768,-6.225262038611012,9.141474196565248
588,-1.2600927845776084,-9.881640819017639,14.4659382163272,-16.896094417564534
589,-1.101875096985376,0.24060353502756845,0.912984159551653,-1.5382635396966533
590,21.85089002879034,2.78959619865726,-20.440402837245667,35.52926766550903
591,-0.9694896423212267,-0.027327195658492107,-1.2022528051095138,2.546450407514107
592,-5.41608040785623,-2.332902440551444,3.129971369106078,-14.287813936990892
593,-25.32030338617731,-8.685637208381406,-31.517035114051883,17.818784633122608
594,2.051507226833183,12.318953639988589,-10.814742078417774,22.115654631037913
595,-1.8607883494834545,-2.6976955639217834,18.053957101395877,-9.454297373785511
596,5.186743512261558,-30.388595361066056,-18.874585268984198,40.254166338383364
597,-8.295722632042944,25.36482225509765,-11.93800801196416,38.78611530966266
598,-4.637944489645762,0.2278846128639419,-17.901975640953534,7.567389538620583
599,-11.237251786426619,14.952263402449667,7.948043170640846,-27.07847674379277
600,0.5513138344783917,2.165202955519474,19.867006161952634,-10.511332220225238
601,-0.9767302099104005,8.135420296052951,-39.83326400383026,12.65528156780998
602,10.830236833320106,22.323823591682313,-40.41313082468807,5.473855415158321
603,3.8953733512344595,-6.388154449921761,-8.87818679123715,13.37697646294556
604,4.9244072933066425,7.677470969149818,16.0036377147919,-1.4090111352056827
605,-2.914669489386025,16.910362445138436,4.783106909507504,-29.815975807709783
606,4.830138520797621,-2.6176510895982106,8.42964048119114,-2.153546217582626
607,-15.724583876127413,-16.5592431339232,36.94646939437351,-5.12047837213216
608,-32.009140982118005,-2.382242103602812,-36.71580883059518,23.870381548552913
609,-5.58891707137032,1.9427673843325792,8.33410554512398,-3.428888658557609
610,5.75865122477865,-2.96728204264207,-17.726061984120975,11.40522792583284
611,-10.046229104224762,-2.026073143861138,16.80287491388855,-9.850411614948724
612,-1.674814638736518,-0.42843880399231915,1.7106521632319516,-2.3915433259521404
613,-6.211641072476964,17.927294056267698,1.378053599534335,-33.37721858033645
614,-21.930544493504158,9.478379357474324,-10.412805952780701,34.05657725365943
615,3.323350373140141,7.114879866272673,19.902865787625217,-21.248487296507818
616,5.534477552572412,1.398114890811695,14.529416809298297,-4.015511810656371
617,-1.4337322043745189,-0.34076363009210914,0.36712781952305606,-2.542717317472049
618,0.31952948500046413,3.138797660389232,2.5953968227340565,-4.148482755747965
619,1.3140951620371633,4.8863855344961955,-0.8154367805854181,9.897385985643549
620,10.725998114148192,-5.156770225177146,20.570716801379334,-21.576299231920565
621,-0.931311284632145,0.006490888859588227,-1.189279820141779,2.428130641025221
622,7.469455780221092,5.553191835487913,16.486521075915253,-0.6161669169208359
623,-5.552059003400025,16.242222319297984,5.998823398996416,-28.740151331339156
624,7.56119171317561,16.94819758909782,6.925050354220717,-27.169189117287623
625,-8.838816997753662,1.8503565948199059,23.922094108139355,-4.434259061429692
626,-20.893717786183018,-23.48143410666139,-6.247359921016897,53.664377014392294
627,17.2188830112111,-14.656594872491747,11.541669037821638,-31.95226317255991
628,0.742526094104593,16.885082976203112,5.668609631807849,-28.758078469857693
629,4.9322608581516665,16.863901286067463,24.390579048768917,-15.303921190192844
630,-10.100284289335498,2.4207893416094834,21.82494661039756,-6.461596589880234
631,18.634304861039315,-2.695617997655036,26.06484081173025,-14.263750501631277
632,0.109931472406679,-10.866628689154453,18.188782288283296,-2.492987896183255
633,-0.7465447665461673,-0.08094756172378462,-1.1694095344295174,2.27915307642076
634,17.95909424675176,-14.026902648384155,10.075743317141502,-33.45404290087468
635,10.375135374174949,19.06528328537722,-8.723062230823416,46.68845226488271
636,-3.306921088827136,-10.69903057873389,2.2312697619153474,-36.50406723419009
637,1.478548458130896,-22.729235672427293,35.710723239801744,-7.078826821656293
638,-4.654061281327525,-16.12853996382154,-9.116951381324663,22.835167921891795
639,8.042863271399325,4.1391086583100725,14.80499410903153,-2.1515414857081865
640,-5.0506516842333795,-15.96095778037089,-10.415151423667746,27.068875808508132
641,4.809329227672105,9.35894330310886,11.379105034291536,-17.16931355885675
642,6.546202531475747,-15.548005641984371,-21.86986626881087,33.23835740035573
643,-0.10133881843273018,22.442686360140883,-22.961314334805515,28.04843015583736
644,-12.671071460707557,-2.746804585197311,-28.021348635320848,3.1731032096859577
645,-5.190368107027939,14.17752244812551,19.521379293156564,-9.728303401264931
646,4.587661152459822,3.260813397319812,13.893796646480723,-4.848066439176726
647,3.721765910858937,-12.592298757939119,21.587045391489557,-4.853028966918426
648,-12.668906388842663,-7.428965230322219,24.600144580673067,-10.405770446241323
649,6.592159684164287,1.3275400924752465,10.00194204372433,-10.171859253676127
650,5.152968543134581,-2.2163549909896485,9.149104764773039,-1.5140517046959774
651,0.1056200736550151,12.280402552126377,21.630781746930595,-1.7933191735925655
652,5.604420887904386,1.0204021919425137,-12.66903356813201,21.381491076180218
653,-14.728675004564009,2.6060870131093936,5.9694458300393,-33.60718596648491
654,-3.4964964398195812,-5.845232717034831,22.46485771345702,-4.834947816141813
655,-20.927559171896597,1.6499954716398828,-26.10182436553569,12.5651502411652
656,0.8013708959969841,-14.012829666965613,20.557768843805835,-5.6819612189609785
657,-23.24514682967585,5.665520389956778,-5.524202255037232,38.79765723345774
658,-15.555208592828064,0.6530624059087944,6.8276580777293905,-32.80209392209864
659,-21.963151366696714,-22.60653985670515,-7.086151538913921,52.86322301018411
660,1.7852422018355183,-16.197574224351673,-3.713561553680088,27.888380742146758
661,2.1695384254921324,-11.143406192133817,17.221541036893328,-3.6245391638635853
662,1.2217974861605512,4.867556861402022,-0.7731969877224749,9.873415011442699
663,25.244361453566277,-1.1595596015349185,-3.018381528425197,43.89028647055289
664,-4.737379663013667,19.561175575430667,-28.770963213458973,11.000760796829773
665,-29.30194937287009,7.1348795604908375,-47.875467345508646,7.474188687690057
666,3.1347008604414537,-0.8469134826696678,2.69671062482599,-4.6021241405355315
667,20.993615915053937,-10.321156293021973,4.253167173974987,-39.45633173778643
668,-8.006914315805355,-10.013769401264222,-14.722503329998649,43.32879233361908
669,12.603922340901665,7.753361099483733,2.67032285693791,-25.382211370347868
670,18.368443142349793,-1.6413441869544871,28.107105829939574,-11.962577084352075
671,-13.522050238197009,-12.063297155330826,-8.933596016411927,29.005140801012054
672,-3.092569960315166,-4.1444557638111315,21.06236134032153,-6.267197713629265
673,-4.515703493805377,20.7471543459445,16.019387951537666,-24.142412156091318
674,10.02972530742835,-17.047713603213918,14.169522136615662,-25.280751625874316
675,-7.166829007190807,-9.414532092595586,26.110775651783502,-15.84093593574944
676,-8.745558678237575,-3.20839185469982,15.980279771870386,-9.186645790126116
677,-13.789050408851834,16.26546996940074,4.442159519618006,-36.148673589481376
678,-1.3483148699113614,12.61847528642126,23.043927012666376,-0.4836287792955307
679,-6.943070333050793,-5.635791670987199,13.145752422718921,-6.7150948771182755
680,13.930684310586214,-14.992114474288696,1.7840090859189348,-36.091924393414686
681,-20.768872378213455,-9.911382550720202,-13.536203703944336,44.94230628074326
682,-0.086602656625338,5.65539818414832,17.993472083356856,-4.137513831823663
683,9.132216455065915,-20.88477450840961,25.458001975491765,-17.636027276520792
684,10.985631531964321,-26.883542286073045,-0.41146817102969635,53.00948208313988
685,-1.9935283853237906,-1.5461097927941712,1.6876913500990898,-4.020211702595775
686,-1.1205755922650185,-25.962737563417587,-15.046745434308182,38.73742146415303
687,14.064036579745933,-24.95150993308907,-1.804240749982849,51.50625465699542
688,5.45336713127504,1.0364416896409805,14.443287830170728,-4.208955090861743
689,-1.606828196377898,-14.867518858734003,18.8832369330787,-18.2806136479199
690,17.434443240487006,10.43789408171653,-5.446594530840161,35.42456241619808
691,-4.5115228511548855,-3.4080633466786927,5.791396248896447,-10.273545678812027
692,4.978910592612546,-17.80281555250904,6.494298002715524,-30.951467743292298
693,-13.438419467977079,-4.9514333271724915,14.541851557150466,-16.075936631613246
694,1.9466185375084337,-0.049961447552107525,3.61035463880117,-3.940439242836522
695,12.200862904678798,-8.253740867006384,-7.620024843995509,38.05236255545046
696,-3.181472714631766,2.833087266136182,7.477767911204678,-7.173110250385033
697,-25.059370726319163,22.137256650657896,-61.11303467754573,0.17607891595236191
698,-20.052320139455702,-1.479186393669904,-21.030794393688517,17.499100797587506
699,-6.059042637964708,-10.550218726127886,-24.76710504452897,3.417973060040363
700,-6.881585192700795,7.623295356708844,9.258661981768753,-24.11069278683552
701,-1.3732497519913245,17.212210412712995,-25.775040626892658,12.022552028580488
702,-2.352719905449313,-5.76231217601324,-6.050333226041187,9.450356525897037
703,-9.414989650749234,-16.322173729472407,-4.724520523573194,32.95549783175445
704,6.685396778369472,23.001077878880363,-29.911101458469524,21.356497537101156
705,-6.321664451863804,-12.100990703389359,-15.554498116293455,42.59915146183546
706,-0.16483848871610768,3.3596260308831956,5.5120453915178445,-5.645177483917836
707,-13.252507029933119,-11.34139302888832,-10.620196490898714,27.33446513688275
708,2.1567046865998645,12.861416818426289,-25.7138497438948,31.71337125288415
709,-12.167043359431732,10.17135991642236,28.200177852960515,-1.5154571303636635
710,5.045354668322694,14.83518499027227,21.902701685816233,-17.74071537844913
711,19.954877637976022,-4.630880008631967,16.18823426046523,-22.208010073778716
712,-4.574213698188869,0.794918936387364,18.305069020765956,-6.679558884500365
713,5.013875895969363,-30.632216277220703,-18.34060088464614,40.794218239128504
714,-0.8098526077093211,-3.9353915397335064,1.6552643905368218,-6.174589200790539
715,-16.45394698354873,-8.131169619194692,31.863054250282016,-4.372803059269181
716,-25.1504763515983,-9.076272252576583,-32.1352675602604,17.186635991052384
717,7.989135491584788,10.483794913917105,21.724174093758542,-14.056407746957523
718,0.2806243085876429,-9.54027139896311,12.998817747115062,-24.03801657442593
719,0.5762001117893765,-10.118463048313608,-9.643212633486826,48.65307374077192
720,-6.399807658673783,-13.743481727130447,23.151058024005106,-13.737284113260786
721,4.511377527823793,7.934984191821269,18.383638504847323,-22.797849803736902
722,-1.2182285151410739,1.1167071143713037,1.0206963514282834,1.1928260895976277
723,2.662747519469442,17.463096429821896,-3.3521488406760893,31.245956799870704
724,-0.999088575247068,0.13276717560422355,0.06519017286203965,-1.452943904483508
725,-14.311307353194797,-8.235542827231743,25.66075892527159,-16.100219118490983
726,11.545985810188634,5.9782784590514,-11.112077830833428,13.279426955500066
727,12.677573691033999,-6.137511659951366,-9.986936585093279,35.62461557037446
728,19.33103881014303,1.297626428856909,22.252426273461644,-14.473358749142738
729,17.37860483645344,-13.505721404661346,-31.72804887669959,10.204518528654273
730,8.524533338580166,0.897021954649898,-15.516023929822612,7.23350357024186
731,-3.612799483346874,-8.179417892384357,16.479904903080136,-9.198515965772632
732,-20.70940038030978,-22.911565401914032,-7.866557617309661,52.04847385779195
733,-27.32418760278225,3.273287820981649,-27.155366062194044,31.921769573765978
734,30.030828269640764,-3.42449322048628,-53.28734514570135,4.706464499272714
735,16.447385559553723,11.712233565125008,-32.416021047251405,19.396434588290436
736,-26.726958405395326,4.91343939419185,-26.705778250918584,32.13921544265158
737,-2.904452509327584,6.551747041903657,19.026962607731736,-7.742767008994429
738,7.329857022202348,20.953413112688025,-36.2721363905987,22.273619413575837
739,5.9211009858021715,6.972120128064244,-7.216082152978657,13.081764798280314
740,0.07272424256186472,-15.906735884573166,12.623757769641859,-24.560164218510124
741,-3.8022624382906773,-15.833600169352351,-16.505617029917094,41.84504470757115
742,15.36381382471956,6.502346844370726,-26.7151273632575,25.316125953092467
743,7.101852968817258,-15.474328497870466,-27.31595603702058,15.04834009729695
744,-6.268362993804092,2.2982363168506033,-11.729206935738986,31.58252229676853
745,2.056304461721709,-11.164493631722017,17.36030538884336,-3.476913791426326
746,19.081837356637934,8.370835083275376,-17.21408582386247,29.258470999590443
747,-15.554986197164753,4.7433534395442045,28.205283836148812,-1.8619724995471607
748,0.9896660369244872,-12.038531299219331,-23.556262340724768,34.38838257576623
749,-1.3413958166922149,0.5032472612615876,1.0249823403502618,-3.238657901560588
750,17.35639759193156,-2.9097418031570017,31.77692517090554,-1.159036080990873
751,20.902461544684215,18.21407887489175,-49.90604585932904,1.8470345480061745
752,-0.1764658945237117,12.311908224519154,21.814388461990404,-1.6295758795394404
753,-25.181863545009215,-9.028063906412866,-32.062065523600864,17.261681222042434
754,-26.548515843522736,4.531823071356017,-27.741188802915126,31.261576878089905
755,-22.01514164067414,-22.57306637901579,-7.106232397817181,52.84480494865449
756,2.2731612228766505,7.146273243926988,-3.719108968206082,10.467387313846388
757,-8.359611245259567,-3.9001439958892115,25.412388494381055,-11.137292414720697
758,-21.28724829472612,10.278290476147168,-12.135307643177402,32.37017108367297
759,13.418886695684638,14.504067686137974,-13.288790476172297,25.57906313614471
760,-0.34396107994923636,-2.682953683189917,1.3712294596629024,-4.187668950772295
761,11.313262071039423,-1.9874973940137688,1.4744963312417192,-20.42731049629952
762,-12.249661157099489,-18.728510281032616,38.98505266964812,-3.239522481324906
763,2.451567405394877,-0.5288834462852537,11.79534514090437,-8.088949556715336
764,6.492400015293508,-4.62082958907471,-25.302891380821453,12.409264815001753
765,-4.151317791778281,-7.337796199021783,-28.88714622390879,18.0533714120241
766,1.481080862381658,-7.484757147911558,20.333595210006713,-5.711649353315252
767,-5.793964793216806,-4.790121825736561,14.214754879984099,-3.714348104952757
768,-9.282738776762203,4.995289757197472,-7.726119337992541,13.161288941066775
769,10.048882845849208,24.213371034652756,-37.042316077880756,14.308715600458154
770,18.618019523592732,-13.552645671095695,8.669591905656322,-34.88825011970005
771,8.156353648153955,0.290153683299268,-5.432094606304513,11.953262290289166
772,14.27013302760155,-18.74976678363379,17.07746312716407,-26.226840350735976
773,5.426335906003883,20.224677351721574,-14.869437733193068,25.3343816501838
774,7.790410338922423,0.6473894365763572,-14.729026238930652,6.461704498523868
775,-15.220588874258661,-14.973571452139867,32.95644165027303,-9.082636859082116
776,7.799769390011852,-25.819079393202255,-6.412567978495954,47.09444400009894
777,-3.6251255447755883,0.6137040176396216,2.282890011123936,-8.099006928092736
778,-11.771792726208837,2.3334920861379627,-49.10739597857623,6.733549270975896
779,3.78180953487692,-5.225920659657873,-11.867684101603489,10.001710503743837
780,12.587885706796039,21.59748671362117,-38.9034039931668,12.557426463414734
781,11.261879276602597,-2.9461852358951814,9.008197718341645,-14.621808477190447
782,-3.996784550892526,-22.98676663203172,-33.82676212909729,9.057871786347155
783,0.07061768265752624,22.74233639810572,-23.129445741912466,27.886417332623758
784,-2.4446414887374734,-2.321792885240357,3.6664859915625096,-3.4994411031174533
785,1.3176170595947074,-22.7747991148954,35.9609520423217,-6.822473214369847
786,4.437540013812853,4.730773862247756,27.939331694389292,-6.412117250315539
787,12.719313498104228,-15.372727239932306,2.5001546872996605,-35.32551977576178
788,19.773612711585038,-10.361554475768951,-26.804699006467015,14.972466917559423
789,0.21907534881931134,-1.3831932061057222,8.503383348410921,-4.787059029743066
790,-5.1512747563263535,1.5117495222852964,1.7301709633189728,-15.791687774442272
791,-7.855933342367471,-1.5700617815974955,6.580689326753269,-12.95236207071128
792,-15.523528869344066,5.65930658981646,-25.35924122988682,8.033785459514434
793,-22.249429441364246,-22.074896322339427,-7.954991465223589,52.010414488782736
794,-13.084158910147911,17.208743890773434,4.57017255691817,-35.974754752891116
795,1.0443501756369542,30.54441259372701,-0.9265185591254332,55.62213535569392
796,-4.398296199855506,-7.874191775667132,-29.539926914085655,17.455076741353068
797,10.06556417162765,-4.109116144713455,-32.92311995117848,8.26287463392715
798,-6.329837770263408,-13.608858874528352,-13.93220190085799,44.28883940266579
799,6.540350279711279,15.764726614099656,25.30465590425679,-14.30375484747834
800,-5.174719210235087,2.5621596792936145,23.00557722814093,-7.42709995912656
801,-1.6275403541999627,-10.573184013929117,18.864607146329742,-1.6785134367724508
802,-22.058088529695663,-22.292867233657734,-7.678170732264116,52.27919030539064
803,5.9897274795217355,0.4299758083218893,11.964992107271128,-0.44187519574829803
804,-0.2420082486463338,-4.42680953475637,-9.331828412570177,9.136996139476631
805,-15.855922148671342,-16.331924194713213,36.53917115224479,-5.517911743333112
806,2.022874783054797,-7.8203753874536766,2.306355165610609,-13.077692755080607
807,-0.6524943395379468,1.2639668469112324,-3.3052370095880863,12.366479728655355
808,4.9059366791811785,-9.836991818487059,-36.00172458395925,13.09457166677022
809,6.7808535701316455,-24.857945130612585,-9.287163486413986,44.25167023971914
810,-22.059877342789736,5.86940784318089,-22.093851166216634,37.1593515991705
811,10.906113648379163,11.766585996419842,26.499516203932046,-12.853375484362159
812,3.017868120911545,8.726577496820436,18.117640380261406,-22.982225461522027
813,5.9142456077254,-8.034350211774997,11.830600676750478,-24.316618220573226
814,-21.995103917306672,2.1449963608408593,-29.43814786406243,18.450800758313946
815,14.656361357972182,3.9306461033961293,5.8204901366520385,-21.97947901093182
816,3.2760315390571866,6.09439916298479,-11.748561183209635,38.17466650263488
817,-6.654419010134072,-8.628131327959053,17.933882109419642,-2.166316937265023
818,4.968928108161021,3.1877215042344553,13.791608563183605,-4.961567788752037
819,2.9733638148102886,-7.18825091372694,-8.69533020491978,6.118072047214744
820,-10.352721560247412,-16.487228586661963,24.332460446124674,-12.392217227526038
821,-4.26832748728184,4.210098239656678,8.022492870332826,-12.614047470266533
822,4.9772336409560465,1.55212148321863,11.900440062019985,-0.9287553582761534
823,-8.845831993202728,-10.459934984358114,29.08360963511915,-12.850637008900728
824,3.9426233361648686,5.961782409357695,20.182587873929005,-21.052165951861177
825,7.128244272839041,-11.339260107549741,-8.05424485269712,17.644102178549616
826,19.390599525840766,-14.798670272211048,-8.25952374480777,39.17372929617542
827,-1.8594392627507332,14.810201189209005,-33.84694466773916,4.537429922730137
828,-5.9075148446496035,5.7918065465362005,-10.518464263297352,32.68477289775836
829,25.431655515378964,0.665404077333808,-3.8806346141936934,42.965273657984994
830,-1.4798892737681275,-13.671835742846278,17.186897808001067,-8.90671373269674
831,18.805831799505672,-1.4485357128930418,27.052836144960608,-13.09697036207824
832,17.27987728006113,-1.256731014139077,31.020154970696236,-1.9965464872685867
833,-0.1431502894671287,12.36278273270664,21.93047517732826,-1.511851656991924
834,-4.544941107134083,-7.596500464841275,15.95050211644492,-13.666100940172955
835,-27.44917838066076,11.559866718618297,-41.34383911449308,14.145063399267654
836,-8.967168306201478,-8.168768848823289,-9.130796873017099,30.67393068508106
837,8.491426259284559,1.567777107405589,-15.723687089577625,7.125614674242107
838,-1.6637817394210295,-5.938739064225068,16.301322225977195,-9.482352920850333
839,-20.154863696901444,-15.190513500338456,-39.39199679761569,9.661614891703543
840,-1.955303000164467,1.7690098848561535,3.7896299785293803,-2.233354455759078
841,-7.248926680047995,17.442301231124947,2.4503410986721064,-32.35776905908219
842,-13.88254124118305,-11.720628728581534,-9.236744103890985,28.722854337765547
843,1.0102718418728807,11.973421014725949,20.565715653660842,-2.7904448045686365
844,14.3400166160081,-13.9662371916221,3.627013091597916,-34.2902443281826
845,-2.6447355278036686,-2.285074451083382,3.7237278660151296,-3.6107667759253266
846,0.8498716857262656,0.45216921170844315,0.22926694231064193,-1.5023643834428526
847,7.017822333747702,4.242881567343019,16.058468631482548,-12.131775466334465
848,11.403927932470582,7.257929596018635,5.870520991889183,-22.204924998695468
849,2.174225917375623,-5.549827624491264,18.526279014475936,-12.707063651148944
850,3.2038117277173157,7.695702121656888,13.267868235280279,-4.291350918883831
851,-4.955434637121576,-28.958895586260446,-12.650810339790388,41.25946164098518
852,13.054266593672553,17.571177646067976,-32.01043262433873,14.051956862229149
853,-1.1425710274233922,-3.189960062971007,2.9471293171558846,-4.749063696857359
854,-19.9135089027516,-7.5348526812314685,-40.753790312077435,10.296987935009252
855,14.148949983892447,5.058250980843513,4.6967068684532265,-23.174512499851012
856,17.22416571041993,-3.1321407518893145,31.48847778035417,-1.4352865414785292
857,-20.22631585049534,3.3171326232393703,-10.892464934778355,33.3662154572533
858,-20.020386895617804,-2.1998847233113947,-19.919394066159825,18.57989944100723
859,18.67047403073788,-12.394128945751445,-30.182624641467452,11.685196800941483
860,-3.384922626664376,6.536763815097429,9.15037277321819,-32.232884306199516
861,19.129129100194007,1.904336261472822,22.742110717908123,-13.734963627662667
862,-3.1339053796150536,6.9342725512637,-38.97475113995052,13.602230778442737
863,-3.677428388244783,-16.739459824943577,-7.222033557622332,24.672954778097072
864,-1.8906285721864156,27.710781604919518,-20.143005190732524,30.8017904803569
865,23.450281035279026,11.936320187115205,-34.75251034058081,22.713206072807445
866,-2.3418028031414746,-3.6984507703845653,5.829685019944192,-5.523143919736629
867,0.615262429064025,9.92801502450208,-39.56047031323132,12.78989437343585
868,1.5595976227968738,-4.640683280204105,-15.30882185047273,37.01443029909469
869,-1.64258154010423,9.130306346263065,8.69210439149967,-9.375000566628428
870,19.915456328359845,-12.315694638785866,6.210915650782681,-37.41494570463582
871,-20.067146794161328,-1.6270336073858622,-20.809032282964377,17.71471882598264
872,-18.13807883931955,16.218942827778797,-21.696616375716395,23.05566478038616
873,-15.02876693458523,9.845535931768936,17.01754961292724,-18.31649729417108
874,-6.696214178800791,-4.664128403648508,24.468969818502504,-12.19469228600361
875,-29.76785416479818,-11.146609028428976,-22.812350152859313,37.52757590148364
876,3.5468297580768606,-10.777479181555654,15.354415178743,-5.601624596715812
877,-6.523201637410502,0.8108657042803233,27.742229338502156,-1.0622202092893227
878,14.645662463530895,3.977531486604536,5.757909866582919,-22.044838418621566
879,5.158069818235935,-3.6532920734055367,12.532176733368058,-7.511813794631422
880,-12.990496956622911,-2.418597161449251,12.75597406923956,-19.245509895009597
881,6.65535265964289,-17.335087809039017,5.643948257507434,-31.884895221987506
882,12.123473412360532,8.75326759953359,1.7489430783788387,-26.36830318089323
883,24.124685267094073,-0.5620732510904896,-10.539131965637827,34.49982670560016
884,-20.290668522021907,-14.275639778123338,-37.78513561018039,11.296860149136418
885,1.90504837087236,0.6408537344140127,0.8951049080546096,-2.802353209063078
886,-1.8614310527237978,-7.32390865043189,18.70537088706623,-7.055869279502971
887,-12.307181565568355,14.499965955716156,8.946034838945588,-26.133864782329717
888,2.8945476463055635,1.2381633577653128,1.052561025143945,-4.811307183138453
889,1.801756982711205,2.2332301260490954,1.4060240246743185,-4.8798119677750975
890,1.645859682893455,2.3075116189225486,1.5651063533744378,-4.764763917274619
891,-2.4752380094703783,-5.712328926339677,-6.0032529024178665,9.512896265195284
892,0.23724637077872845,-10.846192653435068,18.042263055685844,-2.6497573380746564
893,18.06647906996594,-0.0801883305141721,32.77783137206655,-0.302342733278695
894,-8.257804922631813,7.088288987294637,20.668752780201267,-10.759313994801712
895,-8.729473078933106,-3.368268538526785,-20.05522693874911,7.1730640497024885
896,-0.4224878566215113,-10.764928314177403,18.321841459001618,-2.313271094675609
897,-18.256242680129585,-4.861696088018104,33.71345250178906,-2.3552795848107797
898,-3.024441661806259,-17.050456180396694,-6.032457591317478,25.826857554943004
899,5.170452305179867,0.7615298642380695,11.49117294947799,-0.7992644794612271
900,-4.661696152724687,-6.820879489386664,13.785404229574347,-6.3077552548603855
901,7.550108586670153,-1.1486350056118628,13.302722800568247,-4.930263381868244
902,6.94894707705592,-27.065978272247296,-4.343493200132221,49.19885641007655
903,0.367587819586792,-1.0658637697087392,11.061590277663543,-7.85589339150391
904,13.717691275623384,-14.671457714540828,2.810551038572045,-35.066961700522576
905,1.3080860423646679,10.262727652008293,-36.80270443024147,8.165815639912498
906,-3.7651470664115436,-3.3327402278909095,5.061868651846057,-11.029968597129683
907,0.12919866535014493,-16.14696849837693,15.808545998274415,-21.449030710681882
908,20.783094123126087,7.386664818334873,-2.7965582729362923,38.25861298422958
909,-27.253960557634745,-18.162005961302473,-11.460454723590596,48.67781363426197
910,-1.3190575155070217,12.622135787509501,23.04328357657305,-0.4822550065075806
911,-3.9451243056010723,1.033246187925751,2.8657685088860476,-7.448986214655598
912,-0.8289992061092195,-1.3080018866070386,1.2952662881374368,-2.2738015838796706
913,6.231266916143178,14.15811424968004,-21.049701071204495,8.260383361575016
914,-8.55544179702193,13.571404629628354,24.833647632605512,-4.608430046733002
915,-13.157805628020443,-4.415851177494399,-24.37247573271113,9.949448105002435
916,-6.491749360778758,-9.397419214908515,-18.71372085729076,8.018829021540288
917,-0.16982814188241568,11.896252813066244,20.697901236652523,-2.747741658398052
918,-13.958814685947607,-10.169011939527087,-11.981914524203846,26.039479416656746
919,13.628310956394534,-19.18810720755389,18.297014090286307,-24.978439774894895
920,0.7810235309581077,20.823176865697647,-22.656060133588863,28.40481754246919
921,-2.407236609202923,3.7691790362388344,1.4521219919295878,-10.110454444177217
922,9.969877192409934,-17.048685945170586,-23.77596870566451,12.977953372060098
923,8.585673507496523,17.253998266215113,-12.69503840975765,27.686998520531134
924,-2.45269314749797,3.3969103569294443,1.5268340893208987,-9.87197152769126
925,-4.067598703362067,15.606726135017427,7.71490063654651,-26.95847593163824
926,2.884620794531437,1.274537277974873,1.0116288497615602,-4.862525561867724
927,-16.70458658793244,-25.48423646419235,-6.282038419150064,53.50577994978758
928,-26.485973610665692,18.134648365014336,-57.22587622802838,3.9518707643109976
929,14.456951602707473,22.935490797709903,-43.654421470996056,7.842290394684268
930,-0.5562667945307456,25.315642853493973,-22.618007079279224,28.368949265989144
931,-17.479246754254515,13.668123264956444,0.4256919686763134,-40.346817238695095
932,20.25933515666915,18.759039123715777,-49.35837091134829,2.3683867987578404
933,-1.0492375014784188,0.4991556983138725,-0.7837102704660763,1.5048147362194242
934,21.30544544817076,-7.354514352339987,-21.64739683298941,19.99920947215964
935,9.07352570816862,3.1741628472676586,6.808288295537693,-22.780841557126465
936,-2.212116008257982,-1.0923859560886113,4.6302585015136,-2.2857099515230237
937,-20.441998916787195,-14.840231709092993,-38.96988662406948,10.099020818241364
938,-2.2982890039585264,-0.21745201085184906,5.361622732959644,-3.0435464603611964
939,3.9223066718710555,15.00553665099587,23.732973287940023,-14.287998007859914
940,6.384107463884173,8.997387078539624,-10.424669260203823,17.24880865634391
941,-3.6141183811962985,16.754812125654038,5.050420863384481,-29.583414743945752
942,7.957926395162622,4.298396522712136,14.96189145135791,-2.0118484859632737
943,20.689376991365172,3.3360784142293847,28.506130711883774,-10.23187263313482
944,28.8138713838042,-2.0954892368374045,-49.27558772166355,8.687012697481993
945,18.644052347994,7.335641006550418,33.855674220698944,-3.1375654275077283
946,-5.576162174876266,5.255058557807303,13.538107568029247,-27.747008622806746
947,0.4634028692597303,22.338557550736002,-24.07457443613489,26.951003782180244
948,15.754105285386158,14.936455490652806,-28.319777805136997,17.896684678363332
949,7.5559026594900995,0.9251749679830371,8.400738037388805,-12.105124598596557
950,-8.717663649964615,-3.7943396214597667,-17.168063347082708,14.070175106974961
951,6.108599780382288,5.587690498068842,-4.822932024032099,13.788492756118398
952,-8.473395134585084,-3.855579248163274,19.039325707915484,-11.714697824152866
953,8.710719629403894,1.9238481828456662,-15.333423683537108,7.644558392818702
954,7.579359142280723,10.885347379632536,-26.001689800937463,10.691675751937773
955,-1.4294763105138464,0.3402488669925778,-0.8868735421285279,4.264712451194548
956,15.765126991735292,-2.3962066273714426,-24.920367348926533,20.390132638518537
957,-5.2531929461728035,8.456785606024138,3.540687055865384,-14.866983207867976
958,23.054909771095584,19.806121637509236,-25.42718639904117,31.847108308243982
959,-1.086503757929696,9.117964254332064,9.475107808779075,-8.540766142618638
960,0.4439168598012829,-28.605019979755333,-7.713509184161341,46.032614866024964
961,-4.498992920551622,14.235756043075305,-5.994536372360118,22.679445920361637
962,11.482751495701027,11.286038773971383,-40.24277002413603,4.332861270767073
963,-16.267802821509708,-26.314988554051315,-4.899960616663732,54.86323070769083
964,9.135477699967241,11.807893739851162,1.8025006444430134,-26.566607043916854
965,-3.7272482163688316,4.56154206933272,7.491050841175246,-9.708053667310487
966,3.865502759013338,4.162827719833114,-16.43702835218795,15.148656639847838
967,16.825255876440682,-2.5794351735243035,30.253252002475147,-2.691253763904389
968,-28.564327439864808,15.404775553883049,-56.877548531133826,4.209994331216016
969,2.181686775851442,-16.091555623698092,-3.6074980743958984,27.97297417951293
970,11.167501054547259,3.0524270953621735,12.474485213079866,-17.192598841721022
971,17.989373078499373,-5.2563088995183325,24.449742799397637,-16.39148660470581
972,17.00162196270845,-2.006086860197845,30.538828399116465,-2.435546277677428
973,0.95608817796549,-8.105679942248813,3.105158382693435,-12.159504288192286
974,27.323787539075663,14.101453395176396,-36.5281374350414,20.949512528256392
975,-6.517583117228505,15.212296951591222,8.236296296385682,-26.566192293781512
976,14.16332300183755,14.347560958161665,-6.672159726452194,33.99435284803407
977,-23.023903169301978,19.938789349635375,-27.704247179652526,28.06222455589772
978,-1.6037205253176037,-0.351491178998548,1.704065895830286,-2.259350643763189
979,1.191213451997378,-0.8824576331759834,2.6356963564976,-1.8467748624229845
980,-6.573288073889072,0.6827014822706106,21.697993337444426,-5.650668321997106
981,-0.7734292829086862,10.744524522679127,-30.937108497593112,9.194989651723787
982,24.35687928074476,18.812388001668147,-27.86580804717019,29.45397618256053
983,11.58676942599276,5.859662395358597,-10.92104701201367,13.47847838147718
984,-4.195826707353688,17.15669200854974,3.9037874605803506,-30.761528500609742
985,5.437777896949746,13.085830399492776,-10.817234871967562,24.03173573647367
986,11.439529479147833,5.655696525735469,17.476838691619776,-21.625152001836334
987,7.32708025702325,-10.054661375306736,-8.83674695859846,35.17487114262316
988,-8.6242806960539,-9.131143246067273,16.041104072509413,-12.92886798891623
989,-5.271288214308637,-6.692517510531959,23.3109496260195,-13.475801040613627
990,-0.33334797337172245,12.015116452448494,-12.154390680175831,27.620975554353407
991,-30.997779263426427,0.2863029721608639,-39.68379737976916,20.97298074664711
992,12.936704080224963,9.486817148765516,-53.396919201139625,5.555985137697796
993,-17.743883083241137,1.0139010348429014,-31.53904094486649,1.5942401776975692
994,-16.874313470321763,-5.808603963467896,-37.621332638129275,9.893747742938437
995,-14.459311862114282,-11.163512243888734,-9.413190769915074,28.595209417650032
996,-4.4005847848690705,-4.924417287290183,11.06995479058837,-16.25099884923504
997,-20.324392543884258,-0.8493105289974829,-13.337293992482952,26.869481619939933
998,-9.512671194102314,12.861016167811558,26.000208427708653,-3.506814443959457
999,18.375896440969083,9.339252294641204,-19.545091673481657,26.891082262229595
1000,-2.0422076460866108,1.371262929111721,9.998378644818494,-1.1025061359639636
